{"cameraMode":{"drawMode":0,"name":"Shaded","section":"Shading Mode"},"sceneLighting":true,"audioPlay":false,"sceneViewState":{"m_AlwaysRefresh":false,"showFog":true,"showSkybox":true,"showFlares":true,"showImageEffects":true,"showParticleSystems":true,"showVisualEffectGraphs":true,"m_FxEnabled":true},"in2DMode":false,"pivot":{"x":-0.37455105781555178,"y":1.0099998712539673,"z":-1.3022977113723755},"rotation":{"x":0.1975020319223404,"y":-0.029404615983366967,"z":0.005925909616053104,"w":0.9798492789268494},"size":36.419029235839847,"orthographic":false}